"id","address","label","blockchain_id"
1,"bc1qujepl0k5n0ga2e86yskvxa6auehpf6dlf84dx0",NULL,1
2,"bc1qxpt459z7dwtcyad62c5ys6adjx5xzqc7rwu8l4",NULL,1
3,"bc1q5psjrm9wzhu8vqmzqz4s0y2v8z5q5hapyews87",NULL,1
4,"bc1qk7z8hf64f3wue5sf2gvf69axx5674347ajw7pk",NULL,1
5,"bc1qrcdr2sdl9mr66ekdytly3pgjpgkxza6z939eju",NULL,1
6,"bc1qakzxpdpas9lftsjhg3fps8800jaztjuhdcpcwu",NULL,1
7,"bc1qexl3yqelkvhanmjcx3sftn4xe608y6r99hfrjp",NULL,1
8,"bc1q09zw8vyqmx3x7p7hjaggs5q76vphcxemhg2pss",NULL,1
9,"3QbSfMrz3wgErMSx9tc8An2dhuCVban6CR",NULL,1
10,"bc1qns9f7yfx3ry9lj6yz7c9er0vwa0ye2eklpzqfw",NULL,1
11,"bc1qpkxmkylxlftj63vyfy6dpsc09w4qyqn6jkaz0v",NULL,1
12,"bc1qq904ynep5mvwpjxdlyecgeupg22dm8am6cfvgq",NULL,1
13,"37jAAWEdJ9D9mXybRobcveioxSkt7Lkwog",NULL,1
14,"bc1qu2dq8w8lv8v3l7lr2c5tvx3yltv22r3nhkx7w0",NULL,1
15,"LMXrCNv5EmEpGNxXLJxq6KSoNzNRnRAQz7",NULL,2
16,"MP87zw77WvojtRdaWGFQeJZgDubrmEeN1Z",NULL,2
17,"ltc1qax6vp4u5t4d8m5t7upycvm4ut0s7d53f935nrc",NULL,2
18,"0x4B0401Fe6B84C52d4F4310c371c731a2B6D0964D",NULL,3
19,"0xafd99a1a7e2195a8E0fdB6e8bD45EFDff15FEadD",NULL,3
20,"0x3E7a2a60173425edCCa29db8c05C775acf90556f",NULL,3
21,"0x18C4bf7c470069B9d18B6A5670E457De3983C299",NULL,3
22,"0x7BaCd3E83522F484Bc5128EA93Bf7290f1F1B9E5",NULL,3
23,"0xCB166497F48CCe9b5c56026896e880761D68A4B2",NULL,3
24,"0x7BaCd3E83522F484Bc5128EA93Bf7290f1F1B9E5",NULL,3
25,"0xDf3CEBd27d73A27e60EE1186a2c0800B02b33132",NULL,3
26,"0xeE7f2D8257Aa658c5895796f070e4046bA8Fb37e",NULL,3
27,"0x96fC4553a00C117C5b0bED950Dd625d1c16Dc894",NULL,3
28,"0x4E5B2e1dc63F6b91cb6Cd759936495434C7e972F",NULL,3
29,"0xEbA88149813BEc1cCcccFDb0daCEFaaa5DE94cB1",NULL,3
30,"0xdd3d72C53Ff982ff59853da71158bf1538b3Ceee",NULL,3
31,"0x458C2A06ba8dC3dEF078513ad98e9da8ceD39E02",NULL,3
32,"0x19F00b3a7B6F55C9dA966FE3723251784a797fa7",NULL,3
33,"0x6ba7Fe01EeC4C6A4308C8E2B35970e0488ce9a86",NULL,3
34,"0xa12e1462d0ceD572f396F58B6E2D03894cD7C8a4",NULL,3
35,"0xD51077510D57266A709d40FA53A8953D483b65D8",NULL,3
36,"0xA96Be652A08D9905F15B7FbE2255708709BeCD09",NULL,4
37,"0xe2d60CFE3cF8B2079C7DF0144c5b28C03469775C",NULL,4
38,"0x19F00b3a7B6F55C9dA966FE3723251784a797fa7",NULL,4
39,"0x41e457717052A9f80fB2A5a06cACCdA18469FB17",NULL,4
40,"0x6cb399D73cA29859d795c68A68F0DBF6a74F55D4",NULL,4
41,"0x0FdD8454CdA144b88955e8bb7931456989f853CC",NULL,4
42,"0x18C4bf7c470069B9d18B6A5670E457De3983C299",NULL,4
43,"0xCB166497F48CCe9b5c56026896e880761D68A4B2",NULL,4
44,"0xeE7f2D8257Aa658c5895796f070e4046bA8Fb37e",NULL,4
45,"0x0A072619e5E5ebFC7d432DB3f57Bb63A0Fc27bfd",NULL,4
46,"0x6Bf18BaF7819Bd6232879d1cef883cAf2DCF7e95",NULL,4
47,"TC9oG67dCjbZxCpLPzFPwiDJSr15Lc55H9",NULL,5
48,"TAGY4jZiHLF7Jn18FYYAvjD2rVi1v9efWa",NULL,5
49,"TUpx1bT1j6ihA4dmhpQqJgmX83rbYEvBRs",NULL,5
50,"TWS1onJnNTg8tJHomceqxBxTsUB1DHh7PV",NULL,5
51,"TMGRFVDTWrv7RMg1yS7TRRrD1LqHyYc2zN",NULL,5
52,"TDtxYsNdTVKrmLFm37ssz5NZCHXhBN7Yo9",NULL,5
53,"G2YxRa6wt1qePMwfJzdXZG62ej4qaTC7YURzuh2Lwd3t",NULL,6
54,"5ndLnEYqSFiA5yUFHo6LVZ1eWc6Rhh11K5CfJNkoHEPs",NULL,6
55,"DQ5JWbJyWdJeyBxZuuyu36sUBud6L6wo3aN1QC1bRmsR",NULL,6
